CommunityID,Glendale Community,             Address,    Tele #,     Fax#,Bdrms,Felony,Msdmnr,Jdgmnts,W/D,Pets,Utilities,X,S8,      Management
1,Advantage Point,5038 n 55th ave Glendale AZ 85301,623-931-0308,623-842-2564,S-1-2,NO,LOCATORS,yes,no,yes,NO,n,Y,
1,Arroyo Villas @ Maryland lakes     ,4748 w sierra vista Glendale 85301,623-931-0750,623-937-2452,1-2,NO,YES,NO,Y,yes,NO,Y,Y,AMC
1,Acacia Pointe,8344 N 67th Ave Glendale AZ 85302,623-842-1522,623-842-2264,1-2,NO,YES,PAID OFF,Y,yes,NO,N,N,MEB
1,Arroyo Vista,5631 w colter Glendale 85301,623-842-2294,623-842-9206,2-3,NO,LOCATORS,,,,,Y,Y,
1,Archstone Arrowhead,7701 west john glendale 85308  ,623-486-9400,,1-2-3,NO,7 YRS,NO,Y,yes,NO,Y,N,LINCOLN
1,Bethany Park,5830 n 67th ave Glendale AZ 85301,623-846-3929,623-846-4611,1-2,NO,YES,1 YR,no,yes,NO,Y,Y,
1,Bethany Village           ,6565 w Bethany home rd Glendale AZ 85301,623-842-1032,623-842-0719,,NO,YES,3  YRS,no,yes,NO,Y,Y,ALISON SHELTON
1,Bella Lofts,4444 w ocotillo rd Glendale AZ 85301,623-792 7067,623-792-8561,1-2-3,NO,5YRS,YES,no,yes,YES,Y,Y,
1,Camelback Villa,5045 n 58th ave Glendale AZ 85301,623-937-7213,,1-2,YES,YES,YES,NO,yes,NO,N,Y,PRIVATE
1,Cambridge Square,6060 w royal palm rd Glendale AZ 85302,623-939-8615,623-939-8683,1-2,NO ,LOCATORS,,,,,,,
1,Cantamar,16630 N 43RD AVE GLENDALE AZ 85306,602-862-9447,,1-2-3,NO,YES,PAID OFF,YES,YES,NO,Y,N,GRAYSTAR
1,Cedar Creek  ,5039 n 57th ave Glendale 85301,623-934-3755,623-934-3216,1-2,NO,LOCATORS,,,,,,,
1,Cedar Court,5215 W Peoria Ave Glendale AZ 85302,623-435-7253,623-934-8084,1-2,NO,YES,4 YRS,NO,YES,NO,Y,N,PEM
1,Posao Park,5202 w Thunderbird rd Glendale AZ 85306,602-978-9310,602-547-1981,1-2-3,NO,YES,NO,YES,yes,NO,Y,Y,PINACOLE
1,Club Valincia,10201 n 44th dr glendale 85302,623-377-7590,623-930-1314,S-1-2,NOT,,,no,,,,,
1,Country Creek,7111 n 75th ave Glendale 85303,623-842-0411,623-842-8452,S-1-2,NO,APPROVAL,3 YRS,no,yes,NO,Y,Y,CHAMBERLYN
1,Country Gables          ,15010 n 59th ave Glendale 85306,602-938-2578,602-938-1408,1-2,NO,7 YRS,3 YRS,YES,YES,NO,N,N,PEM
1,Crystal Spring,8502 n 67th ave #127 glendale az 85302,623-937-2910,623-937-3431,1-2-3,no,yes,no,no,yes,wst,y,n,
1,Crown Villa,6529 West Glendale Ave Gndle AZ 85301,623-937-0887,623-937-0844,S-1-2,NO,YES,NO,YES,YES,WST,Y,N,
1,Desert Vista               ,6565 w cactus Glendale AZ 85304,623-878-3311,623-878-8255,,no,LOCATORS,,,,,,,
1,Eagle Crest,6451 w Bell rd Glendale Az 85308,623-878-1457,623-878-1496,S-1-2,NO,YES,PAID OFF,no,yes,wst,Y,Y,
1,Galleria,10654 n 60th ave Glendale 85304,623-486-3165,623-979-6307,1-2,YES,2YRS,5YRS,NO,YES,wst,Y,Y,BMSI
1,GreenTree,5959 w green way rd Glendale,602-938-2896,,,no,yes,PAID OFF,yes,yes,wst,y,n,
1,Glen Park                  ,6301 N 64th Dr Glendale AZ 85301,623-934-7385,623-321-1495,1-2-3,no,yes,,no,yes,YES,y,Y,
1,Glen  Brae,4949 w northern ave Glendale AZ 85301,623-934-3631,,1-2,NO,NO,YES,no,yes,WST,N,Y,
1,Glendale Shadow,5902 w royal palm rd Glendale 85302,623-930-5773,623-930-6687,S-1-2,7 yrs,7 YRS,YES,no,yes,NO,Y,Y,
1,Glendale West           ,75th Ave/Glendale,623-206-6581,,1-2-3,YES,YES,YES,NO,YES,NO,N,N,PRIVATE
1,GlenRidge,13610 n 51st ave Glendale AZ 85304,602-843-2222,602-978-4783,S-1-2X2,NO,YES,1 YR,NO,YES,NO,Y,Y,LIVING WELL
1,Hidden Village,8605 n 59th ave Glendale AZ 85302,623-931-2941,623-931-9513,1-2x2,NO,NO,NO,NO,YES,NO,N,N,DESERT PASCIFIC
1,Indigo Creek,14221 n 51st Ave Glendale AZ 85306,602-439-4400,602-439-5900,"1,2,3",NO,YES,PAID OFF,YES,yes,NO,Y,N,MEB
1,Isle @ Arrowhead Ranch,20250 n 67th Ave Glendale AZ 85308,623-561-5701,623-561-5651,1-2-3,NO,LOCATORS,,,,,,,
1,THE VILLAS,5712 n 67th Ave Glendale AZ 85301,623-478-2939,,1-2,SOME,YES,2 YRS,no,NO,NO,Y,N,
1,Laguna @ Arrowhead Ranch,20251 N 75th Ave Glendale AZ 85308,623-825-0200,623-825-0300,,NO,SOME,7 YRS,YES,YES,WST,Y,N,
1,Maryland West,4530 W Mclellan Rd Glndle Az 85301,623-939-7214,623-915-1369,1-2-3,NO,LOCATORS,,,,,,,
1,Maryland Gardens  ,4529 W Ocotillo Rd Gndle Az 85301,623-931-9060,623-939-4576,1-2,NO,LOCATORS,,,,,,,
1,Meadow Glen,4201 w union hills glndle az 85308,602-843-1499,602-843-0870,1-2,NO,LOCATORS,,,,,,,MILE STONE
1,Northen Terrace,5220 w northern glndle 85301,623-931-9301,623-931-8044,S-1-2,NO,10 YRS,NO,YES,YES,NO,Y,Y,CHAMBERLYN
1,Northwest Gardens      ,9350 N 67th ave glendale az 85302,623-878-7394,,1-2,NO,YES,6 YRS,YES,yes,no,n,y,CAL CAP
1,Northern Green,8150 n 61st ave glndle az 85302,623-435-9988,623-931-0118,1-2,NO,YES,NO,YES,yes,NO,Y,N,
1,Norwood Village,6738 n 45th ave glndle 85301,623-934-7579,623-934-7604,2-3,no,LOCATORS,,,,,,,
1,Olive Tree,6201 w olive ave glendale az 85302,623-937-3069,623-9371916,1-2,no,no,no,no,YES,NO,Y,N,WESTWOOD
1,Paseo Park,5205 W Thunderbird Road Glendale az 85306,602-978-9310,602-547-1981,1-2-3,NO,5 YRS,NO,YES,YES,NO,Y,Y,PINACOLE
1,Pavilions At Arrowhead,7400 W Arrowhead Clbhse Dr Gndle Az,866-220-8584,623-362-1168,1-2,NO,YES,NO,YES,YES,NO,Y,N,MARK TAYLOR
1,Ranchwood,5740 n 59th ave glendale az 85301,623-931-6220,623-939-2442,1-2,NO,YES,1 YR,NO,YES,NO,N,Y,
1,Ridgeway Village,6033 W Bethany H Glnde 85301,623-937-4693,623-847-0578,S-1-2,YES,YES,1 YR,NO,yes,YES,N,Y,
1,Rosewood,5150 W Engie Ave Glndale Az 85304,602-978-4886,602-978-4034,1-2,NO,NO,NO,NO,YES,NO,Y,Y,CAM PROPERTIES
1,Sagestone                 ,6233 w behrend dr glendale az 85308,623-566-6667,,1-2-3,NO,YES,PAID OFF,YES,YES,NO,Y,N,NALS
1,SAGEWOOD ,15082 N 59th Av Glendale 85306,602-938-5763,602-938-3507,S-1-2,NO,YES,2 YRS,NO,YES,NO,N,Y,CAM
1,San Bellino,6755 n 83rd glendale az 85303,623-463-1299,,2-3,NO,YES,5YRS,YES,YES,NO,Y,Y,TRINDY
1,San Lagos                      ,5901 W Behrend Dr Glendale Az 85308,877-893-5421,623-322-3901,1-2-3,NO,NO,YES,YES,YES,NO,Y,N,MARK TAYLOR
1,San Martin,6802 n 67th ave Glendale Az 85301,623-939-8442,623-939-8443,1-2-3,NO,LOCATORS,,,,,,,
1,San Prado,5959 W Utopia Rd Glendale Az 85308,877-461-5056,623-594-1284,1-2-3,NO,YES,NO,YES,YES,NO,Y,N,
1,Shadow Palms,6320 N 63rd Ave Glendale Az 85301,623-939-1670,623-939-1677,1-2,4 yrs,yes,yes,no,yes,NO,n,n,
1,Sierra Canyon               ,17500 n 67th ave glndle az 85308,623-979-6666,623-979-6656,1-2-3,NO,LOCATORS,,,,,,,
1,Sonoma Point         ,8080 n 51st ave Glendale 85302,623-934-1651,623-934-9392,1-2,10YRS,YES,YES,Y,yes,WATER,Y,Y,
1,Sonoma Lane,5920 w Laura Lane Glendale Az 85302,623-842-2960,,1-2,NO,SOME,YES,Y,yes,WST,Y,N,
1,Sienna Park,6444 N 67TH AVE GLENDALE 85301,623=934-0636,623-934-0349,1-2,NO,SOME,2 YRS,no,yes,wst,Y,N,
1,Spring Meadow,10030 N 43rd Ave. Glendale 85302,623-930-0004,623-930-1604,1-2,NO,NO,PAID OFF,no,yes,NO,NO,Y,
1,StillWater                       ,7711 n 51st ave glendale az 85301,623-939-1775,623-939-5408,S-1-2,NO,YES,5 YRS,no,yes,NO,YES,Y,
1,Stoneview               ,7841 n 59th ln glendale az 85301,623-847-3211,623-847-3412,,NO,NO,YES,no,yes,ALL,N,Y,
1,Strayhorse                    ,20707 n 67th Ave Glendale az 85308,623-434-8300,623-434-8305,1-2-3,NO,LOCATORS,,,,,,,
1,Sunset Estate,5236 w Peoria ave #119 Glndl 85302,623-979-4045,623-486-7687,2-3,NO,YES,2 YRS,no,NO,WST,N,Y,
1,Sunset Landing,8450 N 67th Ave Glendale 85302,623-934-8151,623-939-4521,1-2,NO,YES,PAID OFF,YES,yes,NO,N,N,
1,Sun Creek,15050 N 58th Ave Glendale Az 85306,602-978-3589,602-588-4509,1-2,NO,YES,NO,YES,YES,WST,Y,N,
1,Summer Hill Place,6801 w Ocotllo rd glendale az 85303,623-939-7793,623-939-0096,1-2,NO,NO,NO,SOME,yes,NO,N,Y,HOME INC
1,TELA VERDE,5020 W Thunderbird Rd Glnde Az 85306,602-978-0025,602-978-0174,1-2,NO,SOME,1 YR,YES,yes,NO,N,N,
1,The Vineyards,6706 N Dysart Rd Glendale Az 85307,623-935-1661,623-935-4927,1-2,NO,YES,2YRS ,no,yes,NO,Y,Y,
1,Thunderbird Paseo,"5757 W Eugie Ave Glendale,Az 85304",602-787-4002,602-7874001,,NO,LOCATORS,,,,,,,
1,Tresa @ Arrowhead,17722 N 79th Ave Glendale Az 85308,623-878-2500,623-878-2501,1-2-3,NO,NO,PAID OFF,YES,YES,NO,Y,YN,
1,Village Diamante   ,8050 n 61st ave glendale az 85302,623-328-8656,623-877-4545,2-3,NO,LOCATORS,,,,,,,
1,Village Sereno   ,8622 North 59th Ave Glndale Az 85302,623-847-1733,623-466-9419,1-2-3,NO,NO,NO,YES,YES,,,,
2,Arrowhead Landing,15740 n 83rd ave peoria  85382,623-487-8400,623-487-8900,1-2-3,7 YRS,YES,NO,YES,YES,ALL,Y,N,
2,Vue Park West,9680 W Northern Ave Peoria Az 85345,623-251-6575,623-251-6582,S-1-2-3,NO,NO,PAID OFF,YES,YES,NO,Y,N,
2,Cedar Meadows,8560 w peoria ave peoria 85345,623-979-8853,623-979-5340,2,NO,LOCATORS,,,,,,,
2,Enclave @ Paradise Lane,8092 w Paradise Lane Peoria 85382,623-412-2272,623-412-2282,1-2-3,NO,LOCATORS,,,,,,,
2,Fountain Palms,8820 w bell rd Peoria Az 85354,623-933-4411,,1-2,NO,YES,PAID OFF,YES,YES,NO,Y,N,
2,IronWood Estates ,8930 W Monroe Peoria Az 85345,623-412-1200,,,NO,LOCATORS,,,,,,,
2,Napa                  ,11600 n 75th ave peoria 85345,623-878-6026,623-878-6993,2,NO,2,2YRS ,yes,yes,NO,Y,Y,
2,MONTEBELLA VILLAS,10860 N 85th Ave Peoria Az 85345,623-878-0660,623-979-8287,1-2,NO,NO,NO,no,yes,WST,N,Y,
2,Park On Olive,9680 w olive ave peoria ax 85345,623-979-7321,623-979-6809,1-2-3,10,3,5 YRS,YES,YES,NO,Y,Y,
2,SunTree  ,8650 W Peoria Ave Peoria Az 85345,623-878-1972,623-878-8285,1-2,NO,YES,2 YRS,yes,yes,NO,y,n,
2,SunWood  ,9415 N 99th Ave Peoria Az 85345,623-972-0702,623-972-0669,1-2,NO,LOCATORS,,,,,,,
2,Sonoma Ridge,8201 W Beardsley Rd. Peoria 85382,623-486-7001,623-486-7003,1-2-3,7,4,PAID OFF,YES,YES,WST,Y,N,
2,Sierra,17374 n 89th peoria az 85382,623-933-5504,,1-2,NO,LOCATORS,,,,,,,
2,Tuscany Ridge,8203 W Oraibi Dr Peoria 85382,623-537-0912,623-537-9013,1-2-3,7 YRS,3,PAID OFF,YES,YES,WST,Y,N,
2,Waterford at Peoria,14109 n 83rd Peoria Az 85381,623-322-9482,,1-2-3,NO,LOCATORS,,,,,,,
2,Artessa,7100 West Grandview Rd Peoria 85382,623-412-2300,623-412-9200,1-2-3,,,,,,,,,
11,Ashton Pointe            ,12175 W McDowell Rd Avndle Az 85392,623-266-0114,,1-2-3,NO,SOME,1,YES,YES,NO,NO,NO,
11,Club @ Coldwater springs,105 w links dr avndle 85323,623-925-9506,623-925-9507,1-2-3,NO,LOCATORS,,,,,,,
11,EdgeWater,102 S 4th Ave Avondale Az 85323,623-932-9450,623-932-2923,1-2-3,NO,NO,YES,YES,,,,Y,
11,Newport,1333 N Dysart Rd Avondale Az 85323,888-672-1978,,,NO,LOCATORS,,,,,,,
11,Rio Santa Fe,3015 w rancho santa fe blvd avdle 85323,623-536-7777,623-536-7757,1-2-3,NO,LOCATORS,,,,,,,
11,Siesta Pointe             ,12851 W Buckeye Rd Avdle 85323,623-925-9420,623-925-9421,1-2-3,NO,LOCATORS,,,,,,,
11,Rose Terrace,525 E Harrison Dr Avndle Az 85325,623-925-0770,,,NO,LOCATORS,,,,,,,
11,Summer Estate,1223 n dysart avdle az 85323,623-932-1549,623-932-1689,1-2,NO,LOCATORS,,,,,,,
11,Las Casitas,1408 n central ave avndle az 85323,623-932-4830,623-932-0320,1-2-3,NO,LOCATORS,,,,,,,
11,Versante,11120 W Van Buren St Avndle 85323,623-463-5755,623-463-5756,1-2-3,YES,YES,PAID OFF,YES,yes,NO,,,
11,Village @ Gateway*,1700 n 103rd ave Avondale 85353,623-925-4770,623-925-4771,1-2-3,NO,YES,PAID OFF,YES,YES,NO,N,N,
3,Aldea At Estrella Falls,2400 N Bullard Ave GoodYear Az 85395,866-337-7019,623-536-2992,1-2-3,NO,LOCATORS,,,,,,,
3,Broadstone  Canyon Trails,16450 w Van Buren  goodyear az 85338,623-594-9870,623-594-9871,1-2-3,NO,LOCATORS,,,,,,,
3,Canyon Trails,16450 W Van Buren St GdYr 85338,623-594-9871,,"1,2,3",NO,LOCATORS,,,,,,,
3,Counrty Aire,1701 N Palo Verde Dr GoodYear Az 85338,623-932-2622,623-932-2322,,10 YRS,3,2 YRS,NO,YES,WST,Y,Y,Y HOME INC
3,Desert Sage,1737 n central ave goodyear 85338,623-925-5415,623-925-5418,1-2-3,NO,LOCATORS,,,,,,,
3,Greens Of Litchfield,1425 N Palo Verde Dr GoodYear Az 85338,623-932-4359,623-932-2322,2-1,YES,YES,DEPENDS,NO,YES,NO,Y,Y,HOME INC
3,Palm Valley,1891 N Litchfield Rd Goodyear,623-935-7100,623-935-7175,1-2-3,NO,YES,NO,YES,YES,NO,Y,N,
3,River Wood,25157 W Beloat Rd. Bckye 85258,623-386-7368,623-386-4331,2-3,NO,LOCATORS,,,,,,,
3,Remington Ranch,12740 W IndnSchl Rd Litchfield Pk Az 85340,888-694-5093,623-935-0042,1-2-3,NO,LOCATORS,,,,,,,
4,Alta vista village   ,4647 n 39th ave phx az 85019,602-973-5990,602-973-7141,S-1-2,NO,LOCATORS,,,,,,,
4,Estancia del sol    ,4001 w camelback rd phx az 85019,602-841-4551,,S-1,NO,LOCATORS,,,,,,,
4,Broadstone Desert sky,7850 w mcdowell rd phx 85035,623-247-9339,623-247-3180,1-2-3,NO,YES,YES,YES,YES,NO,Y,N, MANAGEMENT SUPPORT
4,Brookside,6131 w thomas rd phx 85033,623-245-0568,623-245-0224,S-1-2,NO,YES,YES,NO,YES,WST,N,N,
4,Casa Anita,1801 n 83rd ave phx az 85035,623-873-2437,,1-2,NO,NO,PAID OFF,NO,YES,NO,Y,Y,HOME INC
4,Camelback palms,3734 w camelback rd phx 85019,602-418-1113,623-398-7224,1-2,YES,YES,1,NO,,NO,N,,
4,Canyon palms          ,6236 n black canyon hwy phx 85017,602-246-2892,602-433-0392,1,no,YES,YES,NO,YES,YES,N,N,
4,Camelback Vista          ,2930 w camelback rd phx 85017,602-242-8431,602-336-0612,S-1,NO,LOCATORS,,,,,,,
4,Camelback Villas,,,,,,,,,,,,,
4,Cedar Ridge,2122 w butler dr Phoenix  Az 85021,602-997-2988,602-371-1765,S-1-2x2,5 YRS,YES,1,NO,YES,NO,Y,N,
4,Cimmaron Springs,2738 w augusta ave phx 85051,602-995-4719,602-443-0052,1-2,,,,,,,,,
4,Cinnabarr,4141 w Glendale Ave Az 85051,623-931-8335,623-931-3541,S-1-2,NO,LOCATORS,,,,,,,
4,Colony,4337 n 53rd lane phx az 85031,623-247-3711,623-247-4226,1-2,7 YRS,5,PAID OFF,NO,YES,NO,N,N,
4,Copper Sky         ,3535 w camelback rd 85019,602-535-5564,602-535-4805,S-1,10 YRS,NO,2,NO,NO,YES,Y,N,
4,Del Mar Apt,8550 w mcdowell rd az 85037,623-266-3188,,1-2-3,NO,LOCATORS,,,,,,,
4,Del Mar Terrace        ,7007 W Indian School Rd Phx Az 85033,623-846-2030,623-846-1550,,NO,LOCATORS,,,,,,,
4,Desert Place,6131 n 27th ave Phx Az 85017,602-246-8834,602-246-2940,,NO,NO,NO,NO,YES,NO,N,Y,HOME INC
4,Desert Sky,4620 w mcdowell rd phx 85035,602-233-1861,602-233-0216,S-1-2,NO,LOCATORS,,,,,,,
4,Desert Sun                    , 2641 w butler phx 85051,602-246-1585,623-594-0780,S-1-2,NO,YES,2,NO,YES,NO,Y,Y,
4,Garden Springs,6630 n 27th ave phx 85017,602-418-1113,623-398-7224,2,YES,YES,2,NO,YES,NO,Y,N,
4,Highland Park             ,7232 n 27 ave phx az 85049,602-995-0362,623-321-1495,S-1-2,NO,LOCATORS,,,,,,,
4,La Estrella Vista,3065 N 67th ave phoenix az 85033,623-322-3722,623-322-3930,3x2,NO,LOCATORS,,,,,,,
4,Las Ventanas                ,6801 n 25th dr phx az 85017,602-246-6564,602-242-0891,1-2,NO,LOCATORS,,,,,,,
4,Los Vecinos,1950 N 43rd Ave Phx Az 85009,602-269-6211,602-484-9636,S-1,NO,LOCATORS,,,,,,,
4,Madera Court     ,8135 n 35th ave phx 85051,602-841-0236,602-973-9032,1-2,NO,LOCATORS,,,,,,,
4,Mission Gardens         ,4246 w Osborne phx az 85019,602-272-8736,602-272-3845,2x2,NO,LOCATORS,,,,,,,
4,La Reserve,2627 n 45th ave phoenix az 85009,602-272-6501,602-272-8401,1-2-3,NO,YES,1,NO,YES,NO,,,PBBELL
4,Lynnwood               ,5535 w mcdowell phx 85035,602-272-1749,602-272-6116,1-2,NO,LOCATORS,,,,,,,
4,Missouri meadows,3501 w missouri ave phx az 85051,602-433-0951,,1,SOME,SOME,YES,NO,YES,WST,Y,Y,HOME INC
4,Orange Arbor,3535 w camelback rd,602-336-8611,,S-1,NO,LOCATORS,,,,,,,
4,Oasis West,5235 n 43rd ave phoenix az,602-841-5350,,,NO,LOCATORS,,,,,,,
4,Palm Aire                       ,6241 N 27th Ave Phx Az 85017,602-246-1513,602-246-6998,1-2,NO,LOCATORS,,,,,,,
4,Palm Crest @ Station,3816 n 83rd Ave Phx Az 85033,623-245-0641,,1-2-3,10 YRS,3,PAID OFF,Y/N,YES,NO,N,N,
4,Paradise Villas,"5137 N 29th Ave Phoenix,Az",602-256-9244,602-256-2444,large 2,NOT ,WORKING,,,,,,,
4,Plaza Apt-NN Bella Sol Apt  ,4102 W Osborn Rd Phx Az 85019,602-278-1677,,,NO,LOCATORS,,,,,,,
4,Promenade Desert sky,6233 w thomas rd phx 85033,623-247-8570,623-247-4801,1-2,NO,LOCATORS,,,,,,,
4,Posada Bonita               ,7328 n 27th ave Phx Az 85051,602-973-8450,602-973-8451,1-2,NO,LOCATORS,,,,,,,
4,Rancho Viejo,8530 n 22nd Ave Phoenix Az 85051,602-371-0021,602-371-0016,1-2x2,DUI,YES,2,YES,YES,NO,N,Y,
4,Rancho Veredas        ,2827 n 51st ave phx az 85035,602-288-8884,602-415-5784,,NO,LOCATORS,,,,,,,
4,Ridge At Sun Valley,801 n 59th ave phoenix az 85043,602-272-7222,602-272-8762,2-3,NO,LOCATORS,,,,,,,
4,San Remo                     ,5755 N 59th Ave Glendale Az 85301,623-931-7779,623-931-7708,1-2-3,NO,NO,NO,YES,YES,WST,N,Y,
4,Pine Crest                      ,2601 w Claremont Phx 85017,602-246-6898,602-246-6753,2,NO,LOCATORS,,,,,,,
4,bella gardens,2634 n 51st ave phoenix az 85035,602-269-7715,,S-1,10 YRS,5,YES,NO,YES,ALL,Y,Y,
4,Sans Souci-NN Bella Verde,3030 N 35 Ave Phx Az 85017,602-278-5761,602-233-9438,S-1-2,NO,LOCATORS,,,,,,,
4,San Marina                     ,7002 w indian school phx 85033,623-848-1555,,1-2,NO,LOCATORS,,,,,,,
4,Seville Gardens-NN Bella Rio Apt,4903 W Thomas Rd Phx Az 85031,602-278-0662,602-278-2240,S-1,NO,YES,1,NO,YES,ALL,Y,N,
4,Sterling Place            ,4235 n 35th ave phx az 85017,602-246-0105,602-246-0012,1-2-3,NO,LOCATORS,,,,,,,
4,StonyBrook              ,6441 w mcdowell rd phx az 85035,623-849-0520,623-849-0583,1-2,NO,NO,PAID OFF,NO,YES,NO,N,N,
4,Sonoma Vista,2045 w butler dr Phoenix 85021,602-995-9698,602-995-0330,S-1-2-3,NO,YES,1,YES,YES,WST,N,Y,
4,Sunpointe Apartments,7077 w mcdowell rd phoenix az 85035,623-849-4160,623-849-1003,1-2,NO,LOCATORS,,,,,,,
4,Sun Dancer                    ,400 N 96Th Ave Tolleson Az 85353,623-936-3338,623-907-4534,1-2,NO,LOCATORS,,,,,,,
4,Sienna park,6444 N 67th ave,623-934-0636,,S-1-2,NO,NO,NO,,,,,,
4,The Greens                ,8445 n 23rd ave phoenix az 85021,602-995-9183,602-995-2499,1-2,12 YRS,YES,YES,NO,YES,WST,Y,N,
4,Terrace Park                ,8130 W Indian School Rd,623-849-5499,623-849-9739,,NO,LOCATORS,,,,,,,
4,The Cove on 44th,4030 n 44th ave phx az 85031,602-233-2749,,S-1,NO,LOCATORS,,,,,,,
4,Tamarron,4410 N 99th Ave Phx 85037,623-772-1900,623-772-1901,1-2-3,7 YRS,YES,PAID OFF,YES,YES,WST,Y,N,
4,Twillinggate,7141 n 19th ave phoenix,602-995-3723,602-995-2479,1-2,10RS,YES,5,NO,CAT,ALL,Y,N,
4,Ventana Palms,7021 w mcdowell rd phx az 85035,623-849-8680,623-849-2449,1-2,NO,YES,PAID OFF,NO,NO,ALL,NO,N,
4,Villa De La Paz               ,6041 w thomas rd phx 85033,623-245-1058,623-245-9791,1-2,NO,LOCATORS,,,,,,,
4,Villa De Paz*     ,4405 N 103rd Ave Phx 85037,623-877-3739,623-877-6849,1-2,NO,LOCATORS,,,,,,,
4,Villa Del Sol        ,6231 w mcdowell  phx 85035,623-247-1717,623-247-5263,1-2,NO,LOCATORS,,,,,,,
4,Villa De Sonora               ,5704 w Thomas rd phx 85031,623-247-5550,623-247-3043,1-2,NO,LOCATORS,,,,,,,
4,Villa De Cortez                ,3045 n 67th ave phx az 85033,623-873-0957,623-849-5990,1-2,NO,LOCATORS,,,,,,,
4,Vista Vantana               ,3221 w el comino dr. phx 85051,602-973-3183,602-973-5207,S-1-2,NO,LOCATORS,,,,,,,
4,West Town Court,8400 W Virginia Ave Phoenix Az 85037,855-248-2761,623-877-8334,1-2-3,NO,NO,PAID OFF,Y,YES,NO,Y,N,
4,West Wind,4635 N 27th Ave Phoenix Az,602-579-9091,,1-2,YES,YES,NO,NO,NO,NO,Y,Y,
4,Whispering palm Estates,1401 n 43rd Ave Phx Az 85009,602-269-0808,,1-2,NO,LOCATORS,,,,,,,
5,Accolade,220 w bell rd phx az 85023,602-993-3023,602-993-0440,1-2-3,NO,LOCATORS,,,,,,,
5,Adagio,15645 n 35th ave phx 85083,602-843-3100,602-843-6737,1-2-3,NO,NO,7,Y,YES,NO,Y,N,
5,August Cove,2820 w augusta cove Phx az 85051,602-864-6341,,1-2,,,,,,,,,
5,Autumn Ridge,1944 w thunderbird rd phx 85023,602-993-5365,602-863-4859,1-2-3,NO,5,PAID OFF,Y,YES,WST,Y,N,
5,Avalon Hills                     ,3535 w tierra buena lane phx az 85053,602-843-3400,602-588-2325,S-1-2,NO,LOCATORS,,,,,,,
5,Banyantree,12435 n 28th dr phx 85029,602-942-0842,602-548-3221,S-1-2-3,DUI,YES,1,NO,YES,WST,N,Y,
5,BaySide,20245 N 32nd Dr Phx Az 85027,623-322-0700,623-322-0704,1-2,NO,YES,1,Y,YES,NO,N,N,
5,Bell Cove                       ,17239 n 19th ave phx 85023,602-866-2533,602-866-3168,1-2,NO,LOCATORS,,,,,,,
5,Biltmore On The Lakes   ,11050 n biltmore dr phx 85029,602-375-9900,602-548-0230,S-1-2,NO,LOCATORS,,,,,,,
5,Brentwood                   ,11821 n 28th dr phx az 85029,602-993-2202,602-993-2166,S-1-2,7 YRS,YES,3,Y/N,YES,NO,Y,,
5,Canyon Crossroads,33600 N 27th Dr Phx Az 85085,623-518-9110,,1-2-3,NO,YES,PAID OFF,YES,YES,NO,Y,N,
5,Bridgelane,10227 n 32 ln phx az,602-242-7160,602-371-1484,1-2,NO,YES,3,NO,YES,NO,N,N,
5,Brookfield,12021 n 43rd Phoenix az 85029,602-978-1828,,1-2,NO,YES,1,Y,YES,WST,Y,Y,
5,Bell Tower             ,17216 n 33rd ave phx 85053,602-866-3298,602-504-9686,1-2,NO,YES,PAID OFF,NO,NO,NO,Y,N,
5,Cactus Trail,2403 w lone cactus dr phx 85027,623-582-6151,623-582-2671,1-2,YES,YES,1,NO,YES,WST,Y,Y,
5,Canyon Spring           ,14020 n blck cyn hghwy phx az 85053,602-866-0546,602-866-1520,1-2,SOME,SOME,1,NO,YES,WST,Y,Y,
5,Carleton club           ,17425 n 19th ave phx 85023,602-866-3516,602-863-1208,1-2,NO,LOCATORS,,,,,,,
5,Carob Tree                 ,9202 n 19th ave phx az 85021,602-943-6366,602-943-7234,S-1-2,SOME,SOME,YES,NO,YES,ALL,Y,Y,
5,CourtYard Village  ,17609 N 19th Ave Phoenix,602-993-0224,602-547-9016,2,YES,YES,1,YES,YES,WST,N,Y,
5,Copper Glen                   ,"3333 W Dunlap Phx, 85051",602-973-0672,602-841-2072,2-3,NO,YES,2,NO,YES,YES,N,N,
5,Crossroads,"2222 w Beardsley rd,phoenix az 85027",855-313-1802,,S-1-2-3,NO,FEW,PAID OFF,NO,YES,NO,Y,N,
5,Desert Sky,1106 w bell rd phoenix az 85023,602-863-4490,,S-1,NO,LOCATORS,,,,,,,
5,Dear Creek Village,20244 n 31st ave phx 85027,623-434-8000,623-434-8005,1-2,10 YRS,YES,2,YES,YES,NO,Y,N,
5,Deer Valley Regency,21220 n 23rd ave phx 85027,623-434-3370,623-582-3484,1-2,NO,LOCATORS,,,,,,,
5,Dear Valley Village,3010 w yorkshire phx 85027,623-492-0500,623-492-9889,1-2-3,NO,NO,PAID OFF,YES,YES,NO,Y,N,
5,Diamonte On Bell        ,3202 W Bell Rd Phx Az 85053,602-942-3500,602-942-3500,1-2,NO,LOCATORS,,,,,,,
5,Granite Bay                  ,14230 n 19th ave phx 85023,602-866-9196,602-548-9037,1-2-3,NO,YES,NO,YES,YES,NO,Y,N,
5,Green Way Springs,15620 n 25th ave phx 85023,602-866-3599,602-866-3659,1-2,NO,YES,NO,NO,NO,ALL,Y,N,
5,Hidden Cove,2001 w union hills phoenix az 85027,602-863-9697,,S-1-2,NO,YES,4,NO,YES,NO,Y,Y,HOME INC
5,Ironwood                        ,9802 n 9th ave phx 85021,602-943-4942,602-395-1512,2-3,NO,LOCATORS,,,,,,,
5,Laurel Lane,2820 w laurel Lane phx 85029,602-863-3954,602-374-7961,S-1-2,NO,SOME,NO,NO,YES,WST,Y,N,
5,Las Colinas At Black Canyon,33350 N 27th Dr Phx  Phx Az 85085,623-249-3949,623-249-5183,1-2-3,NO,NO,YES,YES,YES,NO,Y,N,
5,Los Compadres             ,3518 w dunlap Phx Az 85051,602-973-2642,602-973-2641,1-2,,,,,,,,,
5,Madera@Metro,3161 w cheryl dr phx az 85051,602-997-4971,602-997-8293,S-1-2,NO,LOCATORS,,,,,,,
5,North Mountain,3333 w thunderbird rd phx az 85053,602-375-0247,602-375-3945,S-1-2,NO,LOCATORS,,,,,,,
5,Oak Ridge                     ,3330 W Greenway rd phx 85053,602-866-1016,602-548-8080,1-2,NO,LOCATORS,,,,,,,
5,Palm Meadows,9423 n 17th Ave phoenix az 85021,602-861-4097,,,,,,,,,,,
5,Palm Court,20401 N 19th Ave Phx Az,623-322-1400,623-322-1403,1-2,NO,NO,NO,YES,YES,NO,Y,N,
5,Park On Bell,110 W Bell Rd Phoenix Az 85023,866-288-0919,602-896-3003,1-2,NO,LOCATORS,,,,,,,
5,Paradise Village         ,1943 w aster dr phx az 85020,602-997-2928,602-997-6764,1-2-3,NO,LOCATORS,,,,,,,
5,Phoenician Palms            ,3421 w dunlap ave phx az 85051,602-973-0835,602-973-3220,1-2-3-4,NO,LOCATORS,,,,,,,
5,Phoenician Pines Condo,17211 n 35th ave phx az 85053,602-843-3549,602-548-2400,1-2-3,NO,NO,NO,YES,YES,NO,Y,N,
5,Presidio North,17031 n 11th ave phx 85023,602-375-1117,602-375-0782,S-1-2,NO,5,3,Y,NO,NO,N,N,
5,Renaissance,13421 n 43rd ave phx az 85029,602-938-5996,,1-2,10 YRS,3,PAID OFF,YES,YES,NO,Y,N,
5,West @ 35,15615 n 35th ave phx 85023,602-866-0340,602-866-2190,1-2,NO,YES,4,NO,YES,NO,N,N,
5,RidgeGate,2811 w deervalley rd phx az 85027,623-879-6051,623-516=8044,1-2,YES,YES,NO,YES,YES,NO,Y,N,
5,Redwood Place              ,2015 w cactus rd phoenix az 85029,602-861-2925,602-863-6493,1-2,,,,,,,,,
5,Ridgepoint,5020 w peoria phx 85302,623-842-3526,623-842-4713,1-2,NO,YES,1,NO,YES,WST,N,N,TB BELL
5,Sage Apartment             ,28425 N Black Canyn Hwy Phx 85085,623-587-8797,,,NO,NO,NO,YES,YES,NO,N,N,
5,COPPER CANYON,12440 n 19th ave phx az 85029,602-861-1249,602-943-7469,1-2,NO,YES,2,YES,YES,NO,Y,N,
5,Sierra Pines,9410 N 31st Ave. Phx 85051,602-861-0217,602-861-0170,S-1-2,NO,YES,PAID OFF,NO,NO,WST,N,N,
5,Silver Creek               ,10851 N 43rd Ave. Phx 85021,602-298-5600,602-298-5605,1-2,NO,NO,3,YES,YES,WST,Y,N,
5,Sterling Park  ,2902 w Sweetwater dr phx 85029,877-723-7094,,1-2-3,NO,SOME,NO,YES,YES,NO,Y,N,
5,Sunlight Vista                ,21239 N 24th ave #112,623-581-7405,623-581-7405,2,NO,LOCATORS,,,,,,,
5,The Retreat,20808 n 27th Ave Phx Az 85027,623-434-7500,,,NO,YES,NO,YES,YES,NO,Y,N,
5,Boardstone Element,19920 N 23rd Ave Phoenix Az 85027,877-644-8238,,1-2-3-4,NO,NO,NO,YES,YES,NO,Y,N,
5,Timbertree                    ,2800 w Sahuaro Dr Phx Az 85029,602-866-8622,,S-1-2,5,5,3,NO,YES,ALL,Y,N,
5,Turn,14602 N 19th Ave Phx 85023,602-547-3800,602-547-3801,S-1-2-3,NO,NO,2,YES,YES,NO,Y,N,
5,Tuscany Point       ,14830 N Black Canyon Hwy Phx 85053,602-863-4335,602-863-9515,S-1-2x2,NO,LOCATORS,,,,,,,
5,Union Hills Estates*,4101 W Union Hills Dr Phx 85027,602-439-3933,602-439-0125,1-2,NO,YES,PAID OFF,YES,YES,NO,Y,N,
5,Villa Serena    ,4221 W Dunlap Phx 85051,623-842-1149,623-939-5010,1-2,NO,YES,NO,NO,YES,WST,N,N,
5,Villas On Bell,4045 W Bell Rd Phoenix Az 85053,602-298-1230,602-298-8818,,NO,YES,NO,YES,YES,YES,Y,N,
5,Villas @ CaveCreek     ,2529 W Cactus Phx Az 85029,602-870-7800,602-870-7803,,NO,LOCATORS,,,,,,,
5,Villa Toscana,10201 N 33rd Ave Phx Az 85051,602-942-9060,602-942-8935,S-1-2,NO,YES,NO,NO,YES,NO,N,N,
5,Villa Mira Monte,1737 W Desert Cove Phx Az 85029,623-204-8622,602-371-4650,2,NO,YES,YES,NO,,,,,
5,Villages At Metro Center,3106 w vogel ave phx az 95051,602-861-3264,602-861-3266,S-1-2-3,NO,7,2,NO,YES,NO,Y,Y,
5,Vista Village,1805 W Cortez St Phoenix Az 85029,602-870-0501,602-870-0904,2x1,NO,NO,YES,NO,YES,NO,N,,
5,Waterfront                     ,11459 n 28th dr phx 85029,602-633-1730,602-993-2461,1-2,NO,NO,NO,NO,YES,NO,Y,Y,HOME INC
5,Westcreek,4040 w peoria ave phx 85029,602-978-8884,602-938-7027,1-2,YES,YES,YES,NO,YES,SOME,N,Y,
5,Windsor Palms              ,2990 w Thunderbird rd Phx,602-564-8000,602-564-6749,S-1-2,NO,LOCATORS,,,,,,,
6,Acacia                          ,13230 N 21st Pl Phx Az 85022,480-248-6144,,2,SOME,SOME,2 YEARS,NO,YES,WST,Y,Y,
6,Ahwatukee Fairway,13220 S 48th St PHx Az 85044,866-434-3991,,"1,2",,,,,,,,,
6,Bella Vista,7810 N 14th Place Phx Az 85020,602-298-4500,602-298-4505,1-2-3,NO,SOME,NO,YES,YES,NO,Y,N,
6,Boulevard,110 e greenway parkway phx  85022,602-789-6700,,1-2-3,NO,NO,1 YR,YES,YES,NO,Y,N,
6,Cortina,11 East Bell Rd Phx Az 85022,602-504-3705,602-504-3703,1-2,NO,NO,NO,YES,YES,NO,Y,N,
6,Crystal Creek,10 east bell rd phx az 85022,602-863-0202,602-863-0722,S-1-2,NO,LOCATORS,,,,,,,
6,Desert Homes         ,17249 n 7th st Phx Az 85022,602-867-7293,602-971-4315,1-2-3,NO,LOCATORS,,,,,,,
6,Desert springs,1750 e bell rd phx az 85022,602-867-2951,602-867-0179,1-2,YES,YES,YES,NO,YES,WST,Y,N,
6,Greenspoint At Paradise Valley,4202 East Cactus Rd Phx Az 85032,855-619-0579,,1-2,NO,SOME,7 YRS,YES,YES,NO,Y,N,
6,Arbor Ridge,16815 N 29st Phx Az 85032,602-714-5330,,2,NO,LOCATORS,,,,,,,
6,Level At Sixteenth,1550 E Campbell Ave Phx Az 85014,602-218-6447,,1-2,,,,,,,,,
6,Loma Linda Gardens      ,2925 n Greenfield phx 85016,602-956-5781,602-955-0675,1-2,NO,LOCATORS,,,,,,,
6,La Corona condo,,602-326-2768,,2,,,,,,,,,
6,Melrose Place          ,3110 n 40st phx az 85018,602-275-1964,602-275-0061,,,,,,,,,,
6,Meadows      ,17602 n CaveCreek Rd Phx,602-482-2788,602-971-6884,1-2,NO,LOCATORS,,,,,,,
6,Mission Villa            ,3001 n 32nd st phx az 85018,602-955-8730,602-955-1743,,,,,,,,,,
6,Mirador,1550 E Thunderbird Rd Phx Az 85022,602-787-4700,602-7874706,1-2-3,NO,LOCATORS,,,,,,,
6,Mountain Springs Terrace,18202 n cave creek rd phx az 85032,602-971-4020,602-493-5744,1-2,NO,YES,NO,NO,YES,WST,N,Y,
6,Monte Viejo                   ,2220 e Beardsley rd Phx Az 85024,602-293-3840,602-293-3841,S-1-2-3-4,NO,LOCATORS,,,,,,,
6,Monarc,77 w coolidge st phx az 85013,602-277-2778,602-277-4221,1-2,NO,LOCATORS,,,,,,,
6,Mulberry                        ,3318 n 18th st phx az 85015,602-402-1741,602-651-1187,,NO,LOCATORS,,,,,,,
6,BRICENRIDGE       ,17625 N 7th St Phx Az 85022,602-992-8282,,1-2-3,NO,LOCATORS,,,,,,,
6,ENCLAVE,4502 prdse vllge prkwy sth phx 85032,602-996-4427,602-996-5398,1-2,10,3 YRS%,7,YES,YES,NO,Y,N,
6,Paradise Falls,15434 n 32nd st phx az 85029,,,,NO,LOCATORS,,,,,,,
6,Paradise Palms,,,,,NO,LOCATORS,,,,,,,
6,Paradise North,17805 n 40th st phx az 85032,602-482-0305,602-971-3077,2,NO,1,1,NO,YES,NO,Y,N,
6,Palo Brea,,602-787-0900,,2,,,,,,,,,
6,The Palisades At Paradise Mall,13440 n 44th st phx az 85032,602-494-1100,602-494-1384,1-2-3,NO,NO,YES,YES,YES,NO,Y,N,
6,Remington Place,17435 n 7th St Phx Az 85022,602-494--4884,602-494-3883,,NO,LOCATORS,,,,,,,
6,Saratoga Ridge,"1450 E Bell Rd. Phx, 85022",602-992-0862,602-971-0811,1-2-3,NO,NO,NO,YES,YES,NO,Y,N,
6,Sierra Grande   ,2645 East Cactus Phoenix Az 85032,602-482-5200,602-482-5202,S-1,NO,YES,NO,NO,YES,YES,Y,N,
6,Sierra Ranch,4722 e bell rd phx az 85032,602-482-0839,602-867-7516,1-2,YES,YES,1,YES,YES,WST,Y,N,
6,Sonterra,17440 n Tatum Boulevard Phx 85032,602-493-8417,602-404-6005,1-2-3,NO,NO,NO,YES,YES,NO,Y,N,
6,Tatum Gardens,15425 N Tatum Blvd Phx Az 85032,888-815-2407,,,NO,LOCATORS,,,,,,,
6,The Heritage,1100 E Osborn Rd Phx Az 85014,866-915-6242,,1-2-3,NO,NO,NO,YES,YES,NO,Y,N,
6,The Palms,4304 E Campbell Ave Phx Az 85018,602-298-5400,602-298-5405,1-2-3,NO,LOCATORS,,,,,,,
6,TownHomes On The Park,12844 n prdse vllge pkwy w phx 85032,602-996-2750,602-996-2933,,NO,LOCATORS,,,,,,,
6,Vaseo                      ,16220 N 7th ST Phx 85022,602-863-0146,,1-2,NO,SOME,1,YES,YES,NO,Y,N,
6,Ventura Vista,18660 n cavecreek rd phx az,602-765-1113,,1-2-3,NO,YES,1,YES,YES,NO,Y,N,
6,Villa Encanto,4315 E Thunderbird Rd Phx Az 85032,602-787-4500,602-787-4505,,NO,NO,no,YES,YES,NO,Y,N,
6,Wispering Palms Estates,1401 n 43rd Ave Phx Az 85009,602-269-0808,602-278-7478,,,,,,,,,,
12,Bell Court,3117 n 7th ave phx 85013,602-266-5601,602-266-7144,S-1-2,10,YES,YES,NO,YES,SOME,N,Y,
12,Bella Solano,5656 N 17th Ave Phx Az,602-242-5902,602-246-8694,S-1-2,NO,YES,2,NO,YES,NO,N,Y,
12,Bonnie Lynn,2020 w hayward phx az,602-628-8609,,1-2,,,,,,,,,
12,Bella Place  ,2025 w Indian School Rd Az  ,602-279-9339,602-230-9313,S-1-2,,,,,,,,,
12,Bella Norte,1905 w Palmaritas Dr Phx Az 85021,602-995-7057,602-864-6284,S-1-2,NO,YES,YES,NO,YES,ALL,Y,N,
12,Canyon Point,3621 N BlackCayon HighWay Phx Az,602-266-7221,602-266-8057,S-1-2,YES,YES,1,YES,NO,SWT,Y,N ,No Locators Anymore
12,SONOMA GRAND,4715 N Blck Cnyn Hwy Phx Az 85015,602-433-2500,602-433-1207,S-1-2,NO,YES,no,NO,YES,NO,Y,Y,
12,Casa Monte Vista      ,120 W Dobbins Rd Phx Az,602-276-4116,602-276-1068,2x2,,,,,,,,,
12,Christown Villas          ,2150 w missouri ave phx az 85015,602-402-1741,602-651-1187,,,,,,,,,,
12,Christown Manor,5045 N 17th Ave Phx Az 85015,602-266-3336,602-274-3828,1-2,,,,,,,,,
12,Colter Park,909 w colter st Phx,602-264-5265,602-264-5267,1-2,NO,YES,NO,NO,YES,ELECT,Y,N,
12,Cornell                       ,6555 n 17th ave phx az 85015,602-687-8333,602-687-8524,,,,,,,,,,
12,Dakota,313 N 15th Ave Phx 85007,602-635-0459,,S-1-2,,,,,,,,,
12,Dunlap Square           ,2323 w dunlap ave phx az 85021,602-943-0556,602-943-6792,,NO,LOCATORS,,,,,,,
12,Estates On Maryland,1802 W Maryland Ave Phx 85015,602-249-6600,,1-2-3,NO,NO,NO,YES,YES,NO,Y,N,
12,Courtyard at Encanto Park                 ,2322 w thomas rd phx 85015,602-258-6870,602-254-1852,S-1-,,,,,,,,,
12,El Cortez                      ,3130 n 7th ave phx az 85013,602-318-8830,602-264-4940,Studio,,,,,,,,,
12,Forest Park,3019 n 14th st phx az 85014,602-266-4978,602-264-2894,S-1-2-3,NO,NO,NO,NO,YES,ALL,Y,N,
12,Glen Arbor,2250 W Glendale Ave Phx Az 85021,602-995-3323,,,NO,YES,YES,NO,YES,ALL,N,Y,
12,GoldCrest,1521 w denton ln phx 85015,602-501-1688,623-455-8983,1-2,,,,,,,,,
12,The Hawthorne,3848 n 3rd ave phx az 85013,602-604-1885,602-604-1885,1-2-3,DUI,SOME,no,YES,YES,NO,Y,N,
12,Huntington               ,"1609 W Glendale Ave Phoenix, Az 85021",602-249-3776,602-249-6123,2-3,NO ,LOCATORS,,,,,,,
12,Los Olivos                    ,7625 n 19th ave phx 85021,602-870-3127,602-368-5718,2-3,,,,,,,,,
12,Marquee,620 n 2nd ave phx az 85003,602-307-5557,602-973-9233,,NO,LOCATORS,,,,,,,
12,Maya Linda,8222 N 19th Ave Phx Az,602-995-3555,602-995-8886,,,,,,,,,,
12,Metro On 19th,,602-626-8441,,,,YES,YES,NO,YES,ALL,Y,N,
12,Missouri crossings          ,5530 n 17th ave phx 85015,602-249-2286,602-841-3370,2-3,NO,LOCATORS,,,,,,,
12,Montelano                  ,8330 N 19th Ave Phx 85021,602-864-3400,602-864-8827,1-2,NO,LOCATORS,,,,,,,
12,Morgan Park,8902 n 19th ave phx az 85021,602-944-1274,602-242-0103,1-2,NO,NO,3,YES,YES,WST,Y,N,
12,North Palms TownHomes,2045 W Tuckey Ln Phx Az 85015,602-242-3603,602-242-4552,2x1,DUI,YES,1,NO,YES,WST,N,Y,
12,Ocotillo                      ,1780 w missouri phx 85015,602-242-5371,602-242-7669,S-1-2,NO,LOCATORS,,,,,,,
12,Olive 66                          ,1702 w tuckey lane Phx Az,602-625 3340,509-696-3340,1-2,NO,LOCATORS,,,,,,,
12,Pines of Camelback        ,4802 n 19th ave phx 85015,602-249-4464,602-249-4636,1-2-3,NO,LOCATORS,,,,,,,
12,Pinewood Village,4802 n 15th ave phx 85015,602-263-8805,,1,,,,,,,,,
12,Phoenix Gardens,4435-4436 n 8th ave phoenix az 85013,602-279-5891,,1-2-3,NO,LOCATORS,,,,,,,
12,Palmera,6625 n 17th phoenix az 85015,602-249-1963,,"1,2",,,,,,,,,
12,Revival On Indianschool,930 W Indianschool Rd Phx 85013,602-265-4413,602-264-0820,2-1,NO,YES,1,YES,YES,NO,N,Y,HOME INC
12,Santa Fe Springs,1717 W Glendale Ave Phx Az 85021,602-249-9277,602-249-4391,S-1-2,NO,LOCATORS,,,,,,,
12,San Valiente,2220 w mission lane phx 85021,602-678-7900,,1-2-3,NO,7 YRS,no,YES,YES,NO,N,N,
12,SandPainter,2225 w indianschool rd phx az,602-264-4146,602-264-4170,1-2,NO,LOCATORS,,,,,,,
12,San Terra  ,3434 E Mcdowel dr Phx Az,602-273-0998,,,NO,LOCATORS,,,,,,,
12,Siena Village,1737 w Missouri Ave Phx Az 85015,602-433-7660,602-433-7787,1-2-3,YES,YES,1,NO,YES,ALL,Y,N,
12,Sombra,2020 w Glendale Ave Phx Az,602-995-0981,602-995-8673,1-2-3,NO,YES,5Y,NO,NO,WST,Y,Y,HOME INC
12,SunRay,1621 w denton ln phx az 85015,602-316-7110,623-455-8983,1-2,,,,,,,,,
12,The Vue,1503 w missouri phx az,602-810-9881,,1-2,,,,,,,,,
12,Town Home Apts,6528 N 17th Ave Phx Az,623-204-8622,,,,,,,,,,,
12,Tuckey TownHomes,1804 W Tuckey Lane Phx,602-909-8535,480-786-4531,1-2,,,,,,,,,
12,Wilshire Place,,602-595-3470,,,,,,,,,,,
12,Windrose Villas      ,1520 w peoria ave phoenix a 85029,602-488-6650,602-266-1643,,NO,LOCATORS,,,,,,,
7,Alanza place,"1121 n 44th street phx,85008",602-275-7888,602-275-7889,1-2-3,NO,YES,PAID OFF,YES,YES,NO,Y,N,
7,Amber Ridge,3802 n 27th st Phx Az 85016,,,,,,,,,,,,
7,Arbor Village,8028 S Central Ave Phx Az 85042,602-268-0000,602-268-0242,S-1-2,NO,YES,1,NO,YES,WST,Y,Y,
7,Arcadia Del Sol,4127 e Indianschool Rd Phx 85018,602-955-5020,602-957-2579,1-2,NO,LOCATORS,,,,,,,
7,Arcadia Palms,4902 E Thomas Rd Az Phx,602-281-2856,602-840-4825,S-1-2,NO,YES,no,NO,YES,,,Y,
7,Arcadia Park,2426 N 32nd St Phx 85018,602-955-0850,,2,NO,YES,YES,,,WST,,,
7,Arcadia Villa,3915 East Camelback Rd Phx 85018,602-956-2131,602-508-1630,S-1-2,NO,YES,PAID OFF,NO,YES,NO,N,N,
7,Atwater,7750 n 2th street phoenix,602-467-3936,,2-3,NO,no,NO,no,NO,NO,n,n,
7,STANDARD ON 29,2912 e Indian School rd Phoenix Az 85016,602-957-9722,602-957-3910,S-1,NO,NO,YES,NO,YES,ALL,Y,N,
7,Bloom 24,2323 E Flower Phx Az 85016,602-957-0100,,1-2,NO,no,no,NO,YES,ALL,N,N,
7,Brick Commons         ,3302 N 7Th St #167 Phx AZ 85014,602-728-0042,,1-2,NO,LOCATORS,,,,,,,
7,The Point @ The FootHills,4424 East Baseline Rd Phx Az 85042,602-438-0384,602-438-7026,1-2-3,NO,no,PAID OFF,Y,YES,no,Y,N,
7,Broadstone On Twelfth,1212 E Bethany Home Rd Phx 85014,,,,NO,LOCATORS,,,,,,,
7,Brookview Condos,4401 n 12st  phx az 85014,602-277-9646,602-277-9646,S-1,,,,,,,,,
7,Biltmore 24,4221-27 n 29th st Phoenix Az,602-266-2107,602-265-9198,S-1-2,NO,YES,no,NO,no,SOME,Y,Y,HOME INC
7,Biltmore Point,"2928 E Osborn Rd Phoenix, Az 85016",602-955-5960,602-955-8617,S-1-2,NO,YES,YES,NO,YES,ALL,Y,N,
7,Cabana On 24th     ,4341 N 24th St Phx Az 85016,602-954-8049,602-954-0604,S-1-2,NO,LOCATORS,,,,,,,
7,Cabana On Thomas,1645 e thomas rd phoenix az 85016,602-265-8376,602-265-7519,S-1,NO,LOCATORS,,,,,,,
7,Cambridge Court,5145 N 7st Phx Az 85014,602-277-1940,602-265-2023,S-1,YES,YES,2,NO,YES,ALL,Y,Y,
7,Camelback Cove,4802 north 12th st phx az 85014,602-279-6606,602-230-0978,S-1-2,,,,,,,,,
7,Camelback Courtyard,3802 n 28th st Phoenix Az 86,602-954-1200,,2-3,,,,,,,,,
7,Capri on Camelback,5115 n 40th st phx az 85018,602-840-2400,602-952-8783,S-1-2,NO,no,no,Y,YES,WST,Y,N,
7,Castallana,3851 n 28th st phx az 85016,602-553-8481,602-956-2640,,NO,no,no,NO,,,,,
7,Casa Sonoran             ,3547 e van buren st phx 85008,602-273-3834,602-275-3872,1,NO,LOCATORS,,,,,,,
7,Citi On Camelback,909 e camelback road phx 85014,602-274-3100,602-274-4488,S-1-2,NO,no,no,Y,YES,WST,Y,N,
7,Charter Palm            ,1220 n 44th st phx az 85008,480-275-7719,275-8326,1-2,NO,LOCATORS,,,,,,,
7,Colonnade Gardens,1930 East Camelback Rd Phx 85016,602-264-7444,,S-1-2,NO,LOCATORS,,,,,,,
7,Cotton Center Town homes,4645 e pueblo ave street broadway 85040,602-793-3706,,2-3,,,,,,,,,
7,Courtney Village,4848 E Roosevelt St Phx Az 85008,602-267-8267,,1-2-3,NO,no,PAID OFF,YES,YES,NO,Y,N,
7,CLUB 7,3030 n 7th st phoenix az  ,602-266-8028,,1-2,NO,no,no,NO,no,no,N,N,
7,Daybreak Place,815 e Bethany Home Phx 85014,602-277-4738,602-265-6531,S-1-2,10,YES,2,NO,YES,NO,N,N,
7,Encanto Village,4130 N 12st Phx Az 85040,602-604-8278,602-424-0446,S,,,,,,,,,
7,Escondido,4422 N 36 st Phx Az,602-957-5516,602-957-8830,S-1,,,,,,,,,
7,Estaban park,5611 s 32nd st phx az 85040,602-606-2341,602-714-6727,,YES,YES,3 YRS,Y,YES,WST,N,N,
7,Fountain In The Greens,3019 n 14th st phx az 85014,602-277-0282,602-264-2894,S-1-2-3,NO,YES,no,YES,YES,ALL,N,N,
7,Fountain Oaks,1225 N 40th St Phoenix Az 85008  ,602-244-2420,602-244-0831,2x1,NO,YES,no,NO,YES,no,N,N,
7,Hermosa Place,3132 N 32nd St Phx Az 85018,602-957-1295,602-553-9891,S-1-2,,,,,,,,,
7,Ingleside,4502 E IndianSchool Rd Phx  85018,602-787-4300,602-787-4305,1-2-3,NO,no,PAID OFF,YES,YES,NO,Y,N,
7,Kensinton             ,810 e colter st phx az 84014,602-265-8300,602-265-3689,"S,1,2,3",7,7 YRS,PAID OFF,NO,YES,WST,N,Y,
7,La Mirada                  ,1350 e northern ave phx az 85020,602-944-4669,602-678-4270,1-2-3,NO,3 YRS,2 YRS,NO,YES,ALL,N,N,
7,sora on Rose,6201 n 16th st phx az 85016,602-266-9439,602-280-8976,1-2,NO,YES,PAID OFF,NO,YES,WST,N,N,
7,Loma Bonita             ,1301 e mountain view rd phx az 85020,602-870-6895,602-997-1647,,,,,,,,,,
7,Maryland Greens,749 E Maryland Ave Phx Az 85014,602-265-8065,602-274-6703,1,NO,YES,,NO,YES,no,N,Y,
7,Mountain Park Ranch,4221 E Ray Road Phx Az 85044,866-915-2360,,,NO,LOCATORS,,,,,,,
7,Mountain Vista,358 E Roeser Rd Phx Az 85040,602-276-5991,602-268-5208,S-1-2-3,YES,YES,1,NO,YES,no,Y,Y,
7,Monte Vista Gardens     ,2110 n 32nd st phx,602-225-5164,602-225-5673,S-1,NO,LOCATORS,,,,,,,
7,Monterra                       ,1333 North 24th St Phx Az,602-795-1600,,S-1-2-3,NO,YES,2,NO,YES,no,Y,Y,
7,Monterey Village,4707 E McDowell Rd Phx Az,602-273-7227,602-267-8657,S-1-2-3,NO,YES,2,NO,YES,no,Y,Y,
7,Montigo Bay Condo,4410 n longview ave #102 phx 85014,602-277-9697,602-277-9646,S-1-2,,,,,,,,,
7,North Point                ,6315 n 16th st phx az 85016,602-266-7864,602-266-6621,2-3,,,,,,,,,
7,Ocotillo Village,4221 E Mcdowell Rd Phx Az 85008,602-267-7917,602-267-7917,S-1,NO,YES,YES,NO,YES,WST,Y,Y,
7,Trailside At Hermosa Place,10002 N 7st Phx Az 85020,602-944-5588,602-944-7112,1-2-3,NO,no,PAID OFF,YES,YES,NO,Y,N,
7,Orange Tree                 ,4220 e almeria rd phoenix 85008,602-220-0179,602-220-0180,,NO,LOCATORS,,,,,,,
7,Partenza on highland,1320 e highland ave phx 85014,602-687-8500,602=687-8853,2x2,NO,no,1,YES,YES,WST,Y,Y,
7,MURANO,4915/4917 E Thomas Rd Phx Az 85018,602-952-1999,602-952-8215,S-1-,NO,no,PAID OFF,NO,YES,ALL,N,N,
7,Papago Buttes 3,402 n 52nd st phx az 85008,602-225-0944,602-225-3874,S-1-2,,,,,,,,,
7,Papago Springs         B44,1819 n 40st phoenix az 85008,602-275-1964,602-275-0061,,,,,,,,,,
7,Papago Park,5350 E TAYLER ST PHX AZ 85008,602-275-2254,602-275-8717,1-2,YES,YES,YES,YES,YES,WST,N,N,
7,Paradise Palms,1517 East Colter St Az 85014,888-209-7710,,1-2-3,,,,,,,,,
7,Pointe at South Mountain,"8809 S Pointe Prkwy Phx, AZ 85044",866-915-3235,,,NO,LOCATORS,,,,,,,
7,Place One,7045 N 7st phx az 85020,602-997-5894,602-943-6832,S-1-2,,,,,,,,,
7,Presidio @ South Mountain,13229 S 48th St Phx Az 85044,480-496-0060,480-598-0336,S-1-2-3,NO,no,5,YES,YES,no,Y,N,
7,Promontory Point,888 E Clinton St Phx Az 85020,866-9153341,,1-2-3,NO,2,PAID OFF,YES,YES,NO,Y,Y,
7,Rancho Landera,9605 s 48st phx az 85044,480-893-7500,,1-2,NO,no,no,Y/N,YES,WST,N,N,
7,Red Rox,5401 e van buren st phx 85008,602-910-7890,602 244 0342,1-2,NO,YES,PAID OFF,YES,YES,NO,Y,N,
7,Residences @ Forty Two 25,4225 E McDowell Rd Phx Az 85008,602-795-2790,602-795-2792,S-1-2-3,NO,LOCATORS,,,,,,,
7,Roosevelt Square,121 W Portland St Phx Az 85003,602-258-7678,,S-SL-1-2,NO,YES,no,YES,YES,no,,,
7,Rose Garden                  ,4636 s 7th st phoenix 85040,602-717-9366,480-345-9091,1-2,NO,LOCATORS,,,,,,,
7,Santerra                         ,3434 East McDowell Drive Phx 85008,602-273-0998,602-273-0393,1-2,NO,LOCATORS,,,,,,,
7,Sage Court,730 e turney ave phoenix az,602-718-6757,602-279-5025,,,,,,,,,,
7,Sedona Ridge,5010 E Cheyenne Dr Phx 85044,866-915-5138,,,NO,YES,no,YES,YES,no,N,N,
7,Silktree                        ,4815 E Thomas Rd Phx AZ 85018,602-952-1999,602-952-8215,1-2,NO,LOCATORS,,,,,,,
7,Siena Village,1737 w Missouri Ave Phx Az 85015,,,,NO,LOCATORS,,,,,,,
7,Sienna Springs             ,5128 N 15th St. Phx 85014,602-264-8495,,S-1-2,NO,YES,1,NO,YES,NO,,,
7,Sierra Foothills,13601 S 44th St Phx Az,866-554-0027,,1-2,NO,no,no,YES,YES,NO,Y,N,
7,Sonoran,13625 S 48th St Phx Az 85044,866-915-5214,,1-2-3,NO,YES,PAID OFF,YES,YES,NO,Y,N,
7,Sunshine Apt,5615 n 7st phoenix az,602-332-5539,,S-1,NO,LOCATORS,,,,,,,
7,Tampico,6130 n 7th st,602-266-2107,602-265-9198,S-1-2,SOME,YES,no,NO,no,ALL,Y,Y,Home inc
7,Terrace On Thomas,1335 E Thomas Rd Phx 85014,602-300-0753,623-594-0780,,,,,,,,,,
7,The Vibe on Thomas,2735 e thomas phoenix az 85016,602-956-6440,602-916-0998,S-1,NO,LOCATORS,,,,,,,
7,The Cascades Luxury,3550 E Campbell Ave Phx Az 85018,602-955-7020,602-468-9611,S-1-2,NO,no,no,NO,YES,no,Y,N,
7,Westview,40 e sunland ave phx,602-243-9325,602-243-1095,1-2,NO,LOCATORS,,,,,,,
7,Wispering Pines,2601 n 36th st phx az 85008,602-275-7611,602-244-1605,S-1-2-3,NO,no,no,NO,YES,ALL,Y,Y,
7,Windsong                ,1414 n 34th st phx az 85014,602-225-0846,602-275-9241,,,,,,,,,,
7,Villa Mirada     ,948 E Devonshire Ave Phx Az 85014,602-230-7743,602-230-0022,1-2,YES,YES,YES,NO,YES,no,N,N,
7,Villas @ South Mountain,13021 S 48St Phx Az 85044,480-785-5825,480-785-1051,S-1-2,NO,LOCATORS,,,,,,,
7,Village @ Lakewood,15815 S Lkwd Pkwy W Phx Az 85048,480-759-5775,480-759-2796,1-2-3,NO,no,no,Y,YES,no,N,N,
7,Valencia Park,5104 E Van Buren St Phx Az 85008,602-275-9722,602-275-0408,S-1-2,NO,YES,PAID OFF,NO,YES,no,N,N,
8,Soleil,725 n Dobson rd Chandler,480-899-3400,,"1,2,3",NO,YES,1,YES,YES,NO,Y,N,
8,LAGUNA VILLAGE,102 W PALOMINO DR. CHANDLER,480-633-7010,,"1,2",NO,YES,1,YES,YES,NO,Y,N,
8,Vive,1901 W Germann Rd,480-398-8303,,"1,2,3",NO,NO,NO,YES,YES,NO,Y,N,
8,Towne Square,500 N Metro blvd Chandler,866-596-7477,,"1,2,3",10,7 YR,PAID OFF,YES,YES,NO,Y,N,
8,Montage at Pecos Ranch,1616 W Germann Rd Chandler,480-722-9400,,"1,2,3,",NO,YES,1,YES,YES,NO,Y,N,
8,Almeria At Ocotillo,2471 E Edgewater Chandler,480-907-6960,,"1,2,3",NO,NO,1,YES,YES,NO,Y,N,
8,Alante at the Island,2222 McQueen rd Chandler,480-917-3407,,"1,2,3",NO,NO,1,YES,YES,NO,Y,N,
8,Mira santi ,800 W Queen Creek Rd Chandler,480-282-9030,,"1,2,3",SOME,YES,PAID OFF,YES,YES,NO,Y,N,
8,Waterside at Ocotillo,4800 s Alma School rd Chandler,480-567-0640,,"1,2,3",NO,YES,PAID OFF,YES,YES,NO,Y,N,
8,San Cervantes,400 N Coronado st Chandler,480-389-0441,,"1,2,3",NO,SOME,PAID OFF,YES,YES,NO,Y,N,
8,Biscayne Bay,300 E Warner Rd Chandler,480-281-8999,,"1,2,3",NO,NO,NO,YES,YES,NO,Y,N,
8,Camden Pecos Ranch,1175 W Pecos rd Chandler,866-635-5024,,,NO,NO,NO,YES,YES,NO,Y,N,
8,Crosswinds,868 S Arizona Ave Chandler,484-917-4744,,"1,2",NO,SOME,PAID OFF,NO,YES,NO,Y,N,
8,Refections At Gila Springs,411 N Kyrene Rd,480-961-0711,,"1,2,3",NO,NO,6,YES,YES,NO,Y,N,
9,Mission Springs,16818 N 56th street Scottsdale,602-992-1500,,"1,2",NO,YES,NO,NO,YES,NO,Y,N,
9,The Paragon at Kierland,15608 N 71ST Scottsdale,480-699-6300,,"1,2,3",7,3 YRS,PAID OFF,YES,YES,NO,Y,N,
9,Broadstone Lincoln,7100 E Lincoln Dr Scottsdale,886-914-5297,,S-1 2,NO,NO,YES,YES,YES,NO,Y,N,
9,San Antigua,8611 E Via De Ventura,480-948-1997,,"1,2,3",SOME,YES,YES,YES,YES,NO,Y,N,
9,San Marin,4215 N Drinkwater blvd,480 467 3499,,"1,2,3",NO,NO,YES,YES,YES,NO,y,N,
9,Miramonte,8025 E Lincoln Dr,480-951-255,,,NO,NO,1,YES,YES,NO,Y,N,
10,San palmilla,750 w Baseline rd ,888-314-9247,,"1,2,3",NO,SOME,PAID OFF,YES,YES,NO,Y,N,
10,Highland Park ,5038 S Hardy,480-897-0641,,"1,2,3",10,YES,PAID OFF,NO,YES,NO,N,N,
10,Raven wood Heights ,647 W Bassline ,480-588-8121,,"1,2,3",NO,YES,1,YES,YES,NO,N,N,
10,Renue On Orange,1137 E Orange st,480-966-9531,,"1,2",NO,YES,1,NO,YES,ALL,N,N,
10,Residences At Fountainhead,2520 S Plazza dr,855-502-6122,,"1,2,3",NO,NO,NO,YES,YES,NO,N,N,
10,Flagstone,30 W Carer Dr,480 820 0188,,"s,1,2,",NO,NO,3,NO,YES,NO,N,N,
10,Quail Canyon,2045 S Mc Clintock dr,602-910-2894,,"1,2",NO,YES,1,NO,YES,NO,Y,N,